{"accuracy": 0.9999208829463191, "precision": 0.9999208892061988, "recall": 0.9999208829463191, "FPR": 0.0, "auc": 0.9999547839946645}