{"accuracy": 0.9998892408568327, "precision": 0.9998892425276626, "recall": 0.9998892408568327, "FPR": 0.00010236462278634395, "auc": 0.9999996052135716}