{"accuracy": 0.999341924473178, "precision": 0.9993418183486056, "recall": 0.999341924473178, "f1_score": 0.9993417908024194, "auc": 0.99}