{"accuracy": 0.9953887273474903, "precision": 0.9947664874861646, "recall": 0.9953887273474903, "f1_score": 0.9949947018910013, "auc": 0.99}