{"accuracy": 0.9999011036828989, "precision": 0.9998892408199422, "recall": 0.9999011036828989, "FPR": 1.9782393669620646e-05, "auc": 0.9999530168150347}